Brand,Title,Price,Color,Category,Style,Print,Finish,Fabric,Details,Listed
16Arlington,Leazzo leather jacket,3294,black,Jacket,Detailing,solid,Material,Calf leather,New Season,FARFETCH ID:  31858255
AMI Paris,wool checked wrap midi skirt,1237,camel brown,Skirt,Detailing,Geomatric,none,cotton,Runway,FARFETCH ID:  30650749
BOTTEGA VENETA,Button-detailed ribbed wool-blend sweater,1600,White,Knitwear,Detailing,solid,Material," wool,  viscose",New season,Product Code 46376663162966722
BOTTEGA VENETA,Leather-trimmed cotton-corduroy shirt,900,Ecru,Shirt,Detailing,solid,Material," cotton, leather (Cow); buttons:  horn (Buffalo)",New season,Product Code 46376663162966738
BOTTEGA VENETA,Leather-trimmed cotton-corduroy straight-leg pants,800,Ecru,Trousers,Detailing,solid,Material," cotton; button:  horn (Buffalo),  leather (Cow)",New season,Product Code 46376663162966741
BOTTEGA VENETA,Embellished ruched jersey turtleneck maxi dress,2100,Navy,Dress,Detailing,solid,Embellished,viscose,New season,Product Code 46376663162891759
CAROLINA HERRERA,Metallic brocade gown,5455,Multi,Dress,Detailing,Graphic,Material," polyester,  metallised polyester,  polyamide",New season,Product Code 46376663162947331
CHLOÉ,"Cropped ruffled pointelle-knit cotton, alpaca and silk-blend cardigan",1490,Cream,Knitwear,Detailing,solid,Material," cotton,  alpaca,  silk",New season,Product Code 46376663162867384
CHLOÉ,Lace-trimmed silk-jacquard camisole,1090,Light green,Top,Detailing,solid,Material," silk,  polyester,  polyamide",New season,Product Code 46376663162859612
CHRISTOPHER ESBER,Embellished cutout layered stretch-jersey maxi dress,935,Black,Dress,Detailing,solid,Embellished," rayon,  polyester; fabric:  polyester,  spandex",New season,Product Code 46376663162891745
CHRISTOPHER ESBER,Crystal-embellished ruched stretch-jersey maxi dress,710,Black,Dress,Detailing,solid,Embellished," polyester,  spandex",New season,Product Code 46376663162947291
CHRISTOPHER ESBER,Metallic knitted maxi dress,1265,Black,Dress,Detailing,solid,Fabric," viscose,  polyamide, polyester",New season,Product Code 46376663162848009
Claudie Pierlot,houndstooth leather-trimmed dress,606,brown,Dress,Detailing,Geomatric,Material,Polyester,New Season,FARFETCH
Courrèges,contrast-trim cotton T-shirt,397,white,T-shirt,Detailing,solid,none,Cotton,New Season,FARFETCH ID:  31605695
DÔEN,Amelina tiered ruffled merino wool mini dress,590,Black,Dress,Detailing,solid,Material,merino wool,New season,Product Code 46376663162909289
DÔEN,Obelia corded lace-trimmed silk-satin midi dress,480,Black,Dress,Detailing,solid,Material,silk,New season,Product Code 46376663162842659
DÔEN,Kira corded lace-trimmed silk-satin camisole,310,Pink,Top,Detailing,solid,Material,silk,Exclusive,Product Code 46376663162882363
DÔEN,Kira corded lace-trimmed silk-satin camisole,310,Black,Top,Detailing,solid,Material,silk,Runway,Product Code 46376663162841875
DRIES VAN NOTEN,cashmere wrap cardigan,2829,purple,Knitwear,Detailing,solid,Fabric,Cashmere,New Season,FARFETCH ID:  30883884
DRIES VAN NOTEN,printed wrap-skirt trousers,1767,olive green,Skirt,Detailing,Floral,none,Viscose,New Season,FARFETCH ID:  30883822
DRIES VAN NOTEN,Twist-front cotton-jersey midi skirt,435,Light gray,Skirt,Detailing,solid,Material,cotton,"New season, Net Sustain ",Product Code 46376663162929224
DRIES VAN NOTEN,Twist-front cotton-jersey midi skirt,435,Black,Skirt,Detailing,solid,none,cotton,Exclusive,Product Code 46376663162888388
DRIES VAN NOTEN,Pussy-bow silk-blend satin blouse,995,Brown,Top,Detailing,solid,Material," silk,  elastane",New season,Product Code 1647597359626201
Elisabetta Franchi,chain-embellished dress,520,black,Dress,Detailing,solid,Fabric,Lycra,New Season,FARFETCH ID:  31497665
Essentiel Antwerp,sequin-embellishment midi skirt,452,yellow,Skirt,Detailing,Geomatric,Embellished,Polyester,New Season,FARFETCH ID:  31780037
ETRO,floral-print ruffled maxi skirt,4816,burgundy,Skirt,Detailing,Floral,none,Polyester,New Season,FARFETCH
Ferragamo,flap-pockets blazer,2900,black,Jacket,Detailing,Geomatric,Material,Polyester,Runway,FARFETCH ID:  30971121
GANNI,Puppy logo sleeveless knit vest,471,pink,Knitwear,Detailing,Graphic,Fabric,Wool,New Season,FARFETCH ID:  31317262
ISABEL MARANT,Jadelia lace and pointelle-trimmed silk-blend satin midi dress,1250,Midnight blue,Dress,Detailing,solid,Material," silk,  Lycra®",Runway,Product Code 46376663162893749
Jenny Packham,Carina jewel-embellished midi dress,3316,black,Dress,Detailing,solid,none,Polyester,New Season,FARFETCH ID:  31281785
Jil Sander,herringbone-patterned mini skirt,1510,moss green,Skirt,Detailing,Geomatric,none,Virgin wool,New Season,FARFETCH ID:  30009815
Johanna Ortiz,Casablanca cropped top,1003,ecru,Top,Detailing,solid,none,Polyester,New Season,FARFETCH
L'IDÉE,pleated ruffled gown,1259,light pink,Dress,Detailing,solid,Fabric,Polyester,New Season,FARFETCH
La DoubleJ,floral-print ruffled maxi day dress,1733,yellow,Dress,Detailing,Floral,none,Silk,New Season,FARFETCH ID:  31135242
La DoubleJ,Gingerbread ruffled printed mini dress,1219,beige,Dress,Detailing,Floral,none,Cotton,New Season,FARFETCH ID:  30065463
LOEWE,Buckle-detailed leather jacket,5800,Black,Jacket,Detailing,solid,Material," leather (Lamb), viscose",New season,Product Code 46376663162915145
LOEWE,Leather-trimmed cotton-blend peplum jacket,1900,Green,Jacket,Detailing,solid,Material," cotton,  polyamide,  leather (Lamb)",New season,Product Code 46376663162855022
Missoni,crossover patterned maxi dress,2150,multicoloured,Dress,Detailing,solid,none,Rayon,New Season,FARFETCH ID:  30889322
Missoni,metallic-threading maxi dress,2150,black,Dress,Detailing,solid,Fabric,Rayon,New Season,FARFETCH ID:  30889233
Missoni,stripe-pattern maxi dress,2150,multicolour,Dress,Detailing,Geomatric,none,Rayon,New Season,FARFETCH ID:  30889311
Missoni,striped open-back maxi dress,2310,black,Dress,Detailing,Geomatric,none,Polyester,Runway,FARFETCH ID:  30889335
Missoni,zigzag strapless mini dress,1530,brown,Dress,Detailing,Geomatric,none,Polyester,New Season,FARFETCH
Miu Miu,ribbed lace-motif cardigan,2820,lime green,Knitwear,Detailing,solid,Fabric,Cashmere,New Season,FARFETCH ID:  31268605
Nina Ricci,zebra-print velvet-bow maxi dress,1802,brown,Dress,Detailing,Animal print,none,Viscose,New Season,FARFETCH ID:  30968094
NISSA,bow-embellished maxi dress,2310,black,Dress,Detailing,solid,Fabric,Polyester,New Season,FARFETCH
Oscar de la Renta,cowhide-print button cardigan,3655,black and white,Knitwear,Detailing,Animal print,Fabric,Cotton,New Season,FARFETCH ID:  31097160
Oscar de la Renta,lace-up floral maxi dress,6843,rose pink,Dress,Detailing,Floral,Fabric,Virgin wool,New Season,FARFETCH ID:  31097143
Prada,bow-detail pleated dress,6670,pink,Dress,Detailing,solid,Fabric,Wool,New Season,FARFETCH ID:  31284676
Prada,bow-detail pleated midi straight skirt,2820,red,Skirt,Detailing,solid,Fabric,Polyester,New Season,FARFETCH ID:  31284674
Prada,bow-detailed checked skirt,2530,light blue,Skirt,Detailing,Geomatric,none,Cotton,Runway,FARFETCH ID:  31438913
Prada,floral-print bow-detail mini dress,5640,yellow,Dress,Detailing,Floral,none,Silk,Runway,FARFETCH ID:  31333232
Prada,herringbone notched-lapel coat,7250,grey,Coat,Detailing,Geomatric,Material,Wool,Runway,FARFETCH ID:  31438920
Prada,lace-trimmed linen midi dress,9780,white,Dress,Detailing,solid,Material,Linen/Flax,New Season,FARFETCH ID:  23853912
Prada,lace-up cotton shirt,2130,pink,Shirt,Detailing,solid,Fabric,Cotton,Runway,FARFETCH ID:  31438919
Prada,scarf-collar satin shirt,2530,white,Shirt,Detailing,solid,Material,Viscose,New Season,FARFETCH ID:  31490563
R13,lace-trimmed wool playsuit,1745,dark grey,Dress,Detailing,solid,Material,Virgin wool,New Season,FARFETCH ID:  31056632
Rabanne,eyelet-detail ribbed tank top,615,white,Top,Detailing,solid,Fabric,Cotton,New Season,FARFETCH ID:  31429288
Rabanne,eyelet-detail ribbed tank top,615,black,Top,Detailing,solid,Fabric,Cotton,New Season,FARFETCH ID:  31429294
SAINT LAURENT,Shearling-trimmed leather jacket,5900,Brown,Jacket,Detailing,solid,Material," leather (Calf); trim:  shearling (Lamb); lining:  viscose,  acetate",New season,Product Code 46376663162889549
SAINT LAURENT,Lace-trimmed ribbed silk-jersey cardigan,990,Black,Knitwear,Detailing,solid,Material,silk,New season,Product Code 46376663162848965
Self-Portrait,floral-lace belted day dress,1072,grey,Dress,Detailing,Floral,Fabric,Polyester,New Season,FARFETCH
Self-Portrait,long-sleeve ruffled dress,615,gold-tone,Dress,Detailing,solid,none,Viscose,New Season,FARFETCH ID:  31474979
SER.O.YA,Kaia satin maxi dress,686,white,Dress,Detailing,solid,Material,Polyester,New Season,FARFETCH ID:  31238674
Simkhai,Rozzi vest,586,navy blue,Top,Detailing,solid,none,Cashmere,New Season,FARFETCH
SIR.,Cielo bikini bottoms,221,light blue,Swimwear,Detailing,solid,none,Nylon,New Season,FARFETCH ID:  29060839
Solace London,The Milly maxi dress,747,pink,Dress,Detailing,solid,none,Polyester,New Season,FARFETCH
STAUD,Bliss ruffled pointelle-knit maxi dress,424,Dark brown,Dress,Detailing,solid,Fabric," viscose,  nylon",New season,Product Code 46376663162909934
STELLA MCCARTNEY,Lace-trimmed satin camisole,690,Pink,Top,Detailing,solid,Material," acetate,  viscose ,cotton,  polyamide",New season,Product Code 46376663162893711
The New Arrivals Ilkyaz Ozel,Tara dress,2908,beige,Dress,Detailing,solid,Embellished,Polyester,New Season,FARFETCH
VALENTINO,Bow-embellished broderie anglaise cotton blouse,1980,Ivory,Top,Detailing,solid,Material,cotton,New season,Product Code 1647597359626193
VALENTINO,Striped wool-jacquard vest,1300,Black,Top,Detailing,Geomatric,Material,virgin wool,New season,Product Code 46376663162929209
VALENTINO,Ruffled cotton-poplin shirt,1100,White,Shirt,Detailing,solid,Material,cotton,"New season, Net Sustain",Product Code 46376663162909290
VALENTINO,Ruched velvet-trimmed printed silk-crepe maxi skirt,2900,Black,Skirt,Detailing,Graphic,Material," silk, viscose,  polyamide",Runway,Product Code 46376663162877097
VALENTINO,Bead-embellished scalloped broderie anglaise cotton blouse,2600,Black,Top,Detailing,solid,Embellished,cotton,New season,Product Code 46376663162878094
VALENTINO,Ruffled ribbed wool sweater,1700,Blue,Knitwear,Detailing,solid,Fabric,virgin wool,New season,Product Code 46376663162859256
Valentino Garavani,ruffle-trim mini dress,4400,black,Dress,Detailing,solid,none,Polyester,New Season,FARFETCH
Valentino Garavani,sequin-embellished bow blouse,5300,black,Top,Detailing,solid,Embellished,Polyester,New Season,FARFETCH
Versace,Jeans CoutureBarocco-print leggings,311,black,Trousers,Detailing,Graphic,none,Polyester,New Season,FARFETCH ID:  31056598
Versace,cross-back mini dress,4050,off-white,Dress,Detailing,solid,none,Polyester,New Season,FARFETCH
Versace,embellished-pocket mini skirt,2188,black,Skirt,Detailing,solid,Embellished,Virgin wool,New Season,FARFETCH ID:  31127798
Versace,Greca Border swimsuit,592,rose pink,Swimwear,Detailing,Brand ,none,Polyester,New Season,FARFETCH ID:  30064769
ZIMMERMANN,Hypnotic trimmed mini dress,1918,cream,Dress,Detailing,Floral,none,Polyester,New Season,FARFETCH
ZIMMERMANN,Lucky metallic ribbed stretch-knit maxi dress,995,Chocolate,Dress,Detailing,solid,Fabric," rayon,  metallic fibers",New season,Product Code 46376663162895026
ZIMMERMANN,Tie-detailed belted ruffled denim mini dress,995,Dark denim,Dress,Detailing,solid,Fabric,cotton,New season,Product Code 46376663162947309
ZIMMERMANN,Hypnotic Picnic belted lace-trimmed linen and silk-blend midi dress,1950,Black,Dress,Detailing,solid,Material," linen,  silk, polyester,  viscose",Runway,Product Code 46376663162869221
Acne Studios,1981 jeans,982,dark blue, Jeans,Fabric & construction,solid,none,Cotton,New Season,FARFETCH ID:  31896188
Acne Studios,hooded denim jacket,1537,blue,Jacket,Fabric & construction,solid,none,denim,New Season,FARFETCH ID:  29878810
Acne Studios,hooded denim jacket,1537,blue,Jacket,Fabric & construction,solid,none,denim,New Season,FARFETCH ID:  29878810
AGOLDE,Arc jeans,457,black, Jeans,Fabric & construction,solid,none,Regenerative cotton,New Season,FARFETCH
AGOLDE,Ren cotton jeans,371,grey, Jeans,Fabric & construction,Abstract ,none,Cotton,New Season,FARFETCH ID:  31711334
ALTUZARRA,Lollie gathered stretch-knit maxi dress,1345,Red,Dress,Fabric & construction,solid,Fabric," viscose,  nylon,  polyester,  spandex",New season,Product Code 46376663162915649
Arma,EMY leather jacket,630,black,Jacket,Fabric & construction,solid,Material,Lambskin,New Season,FARFETCH
CHLOÉ,Ruffled silk-crepon and crepe maxi dress,3490,Black,Dress,Fabric & construction,solid,Material," acetate,  silk,  polyamide; fabric:  silk",New season,Product Code 46376663162947274
CHLOÉ,Pleated paneled leather midi skirt,2990,Burgundy,Skirt,Fabric & construction,solid,Fabric,leather (Calf),New season,Product Code 46376663162893743
Christopher Esber,Beach Glass draped tank top,900,white,Top,Fabric & construction,solid,none,Rayon,New Season,FARFETCH ID:  31309349
CHRISTOPHER ESBER,Draped jersey maxi dress,1085,Taupe,Dress,Fabric & construction,solid,none,viscose,New season,Product Code 46376663162865780
Cult Gaia,floral-applique mock-neck sweater,1066,beige,Knitwear,Fabric & construction,solid,Fabric,Merino,New Season,FARFETCH ID:  31704844
Diesel,denim houndstooth vest,540,white and blue,Top,Fabric & construction,Geomatric,none,Cotton,Runway,FARFETCH ID:  31454672
Diesel,houndstooth frayed denim skirt,800,blue,Skirt,Fabric & construction,Geomatric,none,Cotton,New Season,FARFETCH ID:  31456803
Diesel,houndstooth-weave denim jacket,745,white,Jacket,Fabric & construction,Geomatric,none,Cotton,Runway,FARFETCH ID:  31456795
Dolce & Gabbana,striped shirt,1345,off-white,Shirt,Fabric & construction,Geomatric,none,Cotton,New Season,FARFETCH ID:  29693176
DRIES VAN NOTEN,draped print silk dress,3552,green,Dress,Fabric & construction,Geomatric,Material,Silk,New Season,FARFETCH ID:  31605567
DRIES VAN NOTEN,draped silk skirt,2663,green,Skirt,Fabric & construction,Geomatric,Material,Silk,New Season,FARFETCH ID:  31605586
DRIES VAN NOTEN,knot-detail draped midi skirt,1324,purple,Skirt,Fabric & construction,solid,Material,Polyester,New Season,FARFETCH
Enfants Riches Déprimés,faded-effect flared jeans,2942,light blue, Jeans,Fabric & construction,Abstract ,Finish,Cotton,New Season,FARFETCH
Essentiel Antwerp,checked-pattern asymmetric-hem midi skirt,436,"brown, beige, red",Skirt,Fabric & construction,Geomatric,none,Cotton,New Season,FARFETCH ID:  31780029
ETRO,fil coupé chiffon shirt,2229,burgundy,Shirt,Fabric & construction,Floral,Material,Viscose,New Season,FARFETCH ID:  31591016
FRAME,Sharp denim jacket,480,Dark denim,Jacket,Fabric & construction,solid,Fabric,regenerative cotton,New season,Product Code 46376663162855034
GUCCI,Striped silk-twill shirt,1600,Pink,Shirt,Fabric & construction,Geomatric,Material,silk,Exclusive,Product Code 46376663162960586
Issey Miyake,Knit (As It Is) pleated maxi skirt,1666,red,Skirt,Fabric & construction,solid,Fabric,Polyester,New Season,FARFETCH
Jacquemus,pleated cotton midi skirt,2081,white,Skirt,Fabric & construction,solid,Fabric,Cotton,New Season,FARFETCH ID:  31605469
Jacquemus,pleated cotton midi skirt,2096,white,Skirt,Fabric & construction,solid,Fabric,Cotton,New Season,FARFETCH ID:  31605469
JACQUEMUS,Draped crepe midi dress,1390,Pastel yellow,Dress,Fabric & construction,solid,Material," polyester,  viscose",New season,Product Code 46376663162862589
JACQUEMUS,Draped crepe midi dress,1390,Black,Dress,Fabric & construction,solid,none," polyester,  viscose",New season,Product Code 46376663162891751
JACQUEMUS,The J asymmetric draped crepe dress,890,Red,Dress,Fabric & construction,solid,Material," viscose,  elastane",New season,Product Code 46376663162947284
JACQUEMUS,The Piazza asymmetric gathered stretch-jersey turtleneck dress,790,Black,Dress,Fabric & construction,solid,none," acetate,  polyamide,  elastane",New season,Product Code 1647597350613412
JACQUEMUS,Triana pleated cotton-poplin midi skirt,1190,White,Skirt,Fabric & construction,solid,Fabric,cotton,New season,Product Code 46376663162891743
Jean Paul Gaultier,panelled belted jeans,1317,blue, Jeans,Fabric & construction,solid,none,Polyester,New Season,FARFETCH
JW Anderson,ruffled asymmetric skirt,924,pale blue,Skirt,Fabric & construction,solid,none,Cotton,New Season,FARFETCH ID:  30960980
JW Anderson,wool anchor-embroidery hoodie,817,grey,Hoodies,Fabric & construction,solid,Embellished,Wool,New Season,FARFETCH ID:  31563453
KHAITE,Viv high-rise slim-leg jeans,520,Mid denim, Jeans,Fabric & construction,solid,Fabric," cotton,  polyurethane",New season,Product Code 46376663162842833
KHAITE,Jodie pleated wool midi dress,2850,Tan,Dress,Fabric & construction,solid,Fabric,virgin wool,Exclusive,Product Code 46376663162859286
LANVIN,Paneled knitted midi dress,1290,Red,Dress,Fabric & construction,solid,Fabric," viscose,  polyester",New season,Product Code 46376663162909924
LANVIN,Paneled knitted midi dress,1290,Black,Dress,Fabric & construction,solid,Fabric," viscose,  polyester",New season,Product Code 46376663162897790
LOEWE,Trapeze denim jacket,1200,Blue,Jacket,Fabric & construction,solid,Fabric," cotton,  leather (Calf)",New season,Product Code 46376663162862003
LOEWE,Layered wool-blend sweater,1300,Gray,Knitwear,Fabric & construction,Graphic,Material," wool,  polyamide",New season,Product Code 46376663162848901
Max Mara,cable-knit midi skirt,1037,brown,Skirt,Fabric & construction,solid,Fabric,Camel hair,New Season,FARFETCH ID:  31667790
Miu Miu,suede-insert ribbed cardigan,5980,brown,Knitwear,Fabric & construction,solid,Fabric,Suede,Runway,FARFETCH
NILI LOTAN,Gaia silk crepe de chine shirt,720,Burgundy,Shirt,Fabric & construction,solid,Material,silk,New season,Product Code 46376663162867376
Nina Ricci,double-breasted cape coat,1590,brown,Coat,Fabric & construction,solid,Material,Cotton,New Season,FARFETCH ID:  30968082
NOUR HAMMOUR,Drey leather jacket,1580,Plum,Jacket,Fabric & construction,solid,Material," leather (Lamb),  cupro,  viscose",New season,Product Code 46376663162914235
Patou,checked wool coat,3027,brown,Coat,Fabric & construction,Geomatric,Material,Virgin wool,New Season,FARFETCH
Polo Ralph Lauren,bear-graphic cotton T-shirt,185,white,T-shirt,Fabric & construction,Graphic,Material,Cotton,New Season,FARFETCH ID:  30712549
POSSE,Emma pinstriped linen-twill vest,280,Dark brown,Top,Fabric & construction,Geomatric,Material,linen,New season,Product Code 46376663162895022
POSSE,Leon pinstriped linen-twill blazer,400,Dark brown,Jacket,Fabric & construction,solid,Material,linen,New season,Product Code 46376663162927913
POSSE,Alice pinstriped linen-twill mini skirt,250,Dark brown,Skirt,Fabric & construction,solid,Material,linen,New season,Product Code 46376663162869214
Prada,leather-collar button jacket,5640,dark blue,Jacket,Fabric & construction,solid,Material,Cotton,New Season,FARFETCH ID:  31105039
Prada,leather-pocket pleated mini skirt,2060,blue,Skirt,Fabric & construction,solid,Material,Polyester,New Season,FARFETCH ID:  31105029
Prada,poplin button-fastening shirt,1750,white,Shirt,Fabric & construction,solid,none,Cotton,Runway,FARFETCH ID:  31269119
Prada,striped T-shirt,2060,cream,T-shirt,Fabric & construction,Geomatric,none,Polyester,Runway,FARFETCH ID:  30788958
Prada,textured leather mini skirt,3800,black,Skirt,Fabric & construction,solid,Material,Calf leather,New Season,FARFETCH ID:  31442940
PROENZA SCHOULER,Tasa draped crepe de chine midi dress,990,Brown,Dress,Fabric & construction,solid,Material," viscose,  silk,  spandex",New season,Product Code 46376663162909729
PROENZA SCHOULER,June pleated checked crepe de chine maxi dress,1250,Off-white,Dress,Fabric & construction,Geomatric,Fabric,viscose,New season,Product Code 46376663162966719
Róhe,five-pocket baggy jeans,607,light blue, Jeans,Fabric & construction,solid,none,Cotton,New Season,FARFETCH ID:  30968969
Self-Portrait,embellished ribbed mini dress,748,pink,Dress,Fabric & construction,solid,Embellished,Polyamide,New Season,FARFETCH
Self-Portrait,embellished tweed dress,1018,black,Dress,Fabric & construction,solid,Embellished,Viscose,New Season,FARFETCH ID:  31612069
SIR,Fresca gathered draped silk crepe de chine maxi dress,750,Orange,Dress,Fabric & construction,solid,Material," silk,  polyester",New season,Product Code 46376663162862033
SIR,Cascina open-back gathered stretch-jersey midi dress,480,Green,Dress,Fabric & construction,solid,none," nylon,  spandex",New season,Product Code 46376663162887146
SIR.,Fresca dress,870,light blue,Dress,Fabric & construction,solid,none,Viscose,New Season,FARFETCH
ST. AGNI,Gathered washed satin-jacquard maxi dress,596,Brown,Dress,Fabric & construction,washed,Material," cupro,  viscose, recycled polyester",New season,Product Code 46376663162909901
STAUD,Phare draped silk-blend midi dress,853,Dark brown,Dress,Fabric & construction,solid,Material," silk,  elastane",New season,Product Code 46376663162908902
STAUD,Phare draped striped silk-blend midi dress,848,Multi,Dress,Fabric & construction,Geomatric,Material," silk,  elastane",New season,Product Code 46376663162859197
STELLA MCCARTNEY,Wool-twill blazer,1490,Dark gray,Jacket,Fabric & construction,solid,Material,wool,New season,Product Code 46376663162855065
STOULS,Sanda suede shirt,1490,Beige,Shirt,Fabric & construction,solid,Material," suede (Lamb), cotton, . Lyocell, . elastane",New season,Product Code 46376663162874884
STOULS,Sanda suede shirt,1950,Black,Shirt,Fabric & construction,solid,Material," suede (Lamb),  cotton, . Lyocell, . elastane",New season,Product Code 46376663162874905
STOULS JP,paneled suede flared pants,1230,Army green,Trousers,Fabric & construction,solid,Material," suede (Lamb), cotton, . Lyocell, . elastane",New season,Product Code 46376663162859619
Tadashi Shoji,pleated knot-front maxi dress,766,gold,Dress,Fabric & construction,solid,Fabric,Polyester,New Season,FARFETCH ID:  31804408
The New Arrivals Ilkyaz Ozel,Persephone dress,1687,beige,Dress,Fabric & construction,solid,none,Viscose,New Season,FARFETCH
THE ROW,Johanne silk-crepe maxi dress,4700,Black,Dress,Fabric & construction,solid,Material," silk, silk,  polyamide,  elastane",New season,Product Code 46376663162871911
THE ROW,Elodianna two-tone cotton-canvas jacket,2870,Red,Jacket,Fabric & construction,solid,Material,cotton,New season,Product Code 46376663162909928
TOM FORD,Asymmetric draped embellished jersey midi dress,2390,Dark brown,Dress,Fabric & construction,solid,none,Slips on,New season,Product Code 46376663162869206
Tory Burch,logo-embroidered knitted hoodie,1216,red,Hoodies,Fabric & construction,Graphic,Embellished,Wool,New Season,FARFETCH ID:  31832671
TOTEME,Cocoon draped voile and stretch-knit maxi dress,620,Orange,Dress,Fabric & construction,solid,Fabric," viscose,  polyamide",New season,Product Code 46376663162854815
TOVE,Vina gathered stretch-jersey maxi dress,1035,Grape,Dress,Fabric & construction,Floral,none," viscose,  elastane",New season,Product Code 46376663162887137
TOVE,Clem draped crepe maxi dress,1035,Light gray,Dress,Fabric & construction,solid,Material," viscose,  wool,  elastane",New season,Product Code 46376663162889879
ULLA JOHNSON,Ines floral-print silk crepe de chine midi dress,770,Multi,Dress,Fabric & construction,Floral,Material,silk,New season,Product Code 46376663162891454
VALENTINO,Printed silk crepe de chine shirt,1900,Cream,Shirt,Fabric & construction,Graphic,Material,silk,Exclusive,Product Code 46376663162855143
VALENTINO,Grosgrain-trimmed houndstooth cotton-blend tweed jacket,3600,Cream,Jacket,Fabric & construction,Geomatric,Fabric," cotton,  viscose,  linen,  acrylic,  polyamide,  viscose",New season,Product Code 46376663162871842
VERONICA DE PIANTE,Romilly paneled leather coat,6870,Chocolate,Coat,Fabric & construction,solid,Material," leather (Lamb),horn (Buffalo),  cupro",New season,Product Code 46376663162855044
VICTORIA BECKHAM,Bella gathered satin midi dress,1050,Dark green,Dress,Fabric & construction,solid,Material," acetate,  viscose",New season,Product Code 46376663162909925
VICTORIA BECKHAM,Gathered satin-jersey midi dress,850,Burgundy,Dress,Fabric & construction,solid,Material," polyester,  elastane",New season,Product Code 46376663162909919
VICTORIA BECKHAM,Gathered satin-jersey midi dress,790,Light blue,Dress,Fabric & construction,solid,Material," polyester,  elastane",New season,Product Code 46376663162891135
VICTORIA BECKHAM,Rouleaux draped satin gown,1490,Dark green,Dress,Fabric & construction,solid,Material," acetate,  viscose",New season,Product Code 46376663162878990
ZIMMERMANN,Hypnotic lace-trimmed tiered crepe de chine midi dress,1500,Beige,Dress,Fabric & construction,solid,Fabric,viscose,New season,Product Code 46376663162869254
ZIMMERMANN,Hypnotic gathered paneled jersey maxi dress,1150,Cream,Dress,Fabric & construction,solid,none," viscose,  elastane, polyester,  elastane",New season,Product Code 46376663162855012
Acne Studios,striped polo shirt,1192,carrot orange,Shirt,Fastening,Geomatric,none,Polyester,New Season,FARFETCH ID:  29879593
Aje,Soundscape maxi dress,1065,white,Dress,Fastening,solid,none,Polyester,New Season,FARFETCH
Aje,Splendour mini dress,1014,white,Dress,Fastening,solid,none,Polyester,New Season,FARFETCH
AMI Paris,cotton jacket,632,indigo blue,Jacket,Fastening,solid,none,Cotton,New Season,FARFETCH ID:  30650731
Aya Muse,Mello cardigan,874,off-white,Knitwear,Fastening,solid,Fabric,Linen/Flax,New Season,FARFETCH
Bernadette,Bart maxi dress,1292,powder,Dress,Fastening,solid,none,Polyester,New Season,FARFETCH ID:  28143280
Courrèges,oblique asymmetric wool coat,5344,grey,Coat,Fastening,solid,none,Wool,New Season,FARFETCH ID:  31606225
DÔEN,Tahlia belted polka-dot silk-blend twill midi dress,640,Blue,Dress,Fastening,Geomatric,Material," silk,  viscose",New season,Product Code 1647597357418121
DRIES VAN NOTEN,double-breasted jacket,3007,rust,Jacket,Fastening,solid,none,Viscose,New Season,FARFETCH
Ferragamo,belted button-front mini skirt,1290,dark red,Skirt,Fastening,solid,Material,Polyester,Runway,FARFETCH
Ferragamo,belted trench coat,2300,red,Coat,Fastening,solid,Material,Polyester,Runway,FARFETCH
Ferragamo,chevron-pattern double-breasted coat,3800,black,Coat,Fastening,Geomatric,Material,Virgin wool,Runway,FARFETCH ID:  30969991
GUCCI,Belted satin-jacquard maxi shirt dress,2980,Brown,Dress,Fastening,solid,Material," viscose,  acetate,  leather (Calf)",New season,Product Code 46376663162893656
GUCCI,Double-breasted jacquard cotton-blend canvas blazer,2700,Army green,Jacket,Fastening,solid,Material," cotton,  polyester viscose; buttons:  horn (Buffalo)",New season,Product Code 46376663162927865
Hannah Artwear,Oceanus dress,1199,lime green,Dress,Fastening,solid,none,Silk,New Season,FARFETCH
ISABEL MARANT,Dyogo jacket,800,light beige,Jacket,Fastening,solid,Material,Polyester,New Season,FARFETCH ID:  28331612
ISABEL MARANT,Terena midi dress,1185,ochre yellow,Dress,Fastening,solid,none,Polyester,New Season,FARFETCH
Jil Sander,floral-print midi dress,2785,light pink,Dress,Fastening,Floral,none,Viscose,New Season,FARFETCH ID:  30011454
Jil Sander,pearl-embellished button-up shirt,2555,grey,Shirt,Fastening,solid,Embellished,Wool,New Season,FARFETCH ID:  30549500
JW Anderson,straight-leg jeans,965,blue, Jeans,Fastening,solid,none,Cotton,New Season,FARFETCH ID:  30959815
LOEWE,Double-breasted pleated cotton-twill jacket,2200,Beige,Jacket,Fastening,solid,Fabric," cotton, viscose",New season,Product Code 46376663162915129
Marques'Almeida,high-waisted boyfriend jeans,468,black, Jeans,Fastening,solid,none,Organic cotton,New Season,FARFETCH
Miu Miu,flap-pocket mini skirt,4430,brown,Skirt,Fastening,solid,Material,Lamb skin,New Season,FARFETCH ID:  31443412
Miu Miu,knitted-cuffs zip-front sweatshirt,4080,brown,Hoodies,Fastening,solid,Fabric,Cotton,Runway,FARFETCH ID:  31442937
Miu Miu,ribbed-collar zip-front sleeveless vest,2700,red,Top,Fastening,solid,Fabric,Cashmere,Runway,FARFETCH ID:  31443408
Miu Miu,wool-blend jacket,3800,white,Jacket,Fastening,solid,Material,Virgin wool,New Season,FARFETCH ID:  29837742
Miu Miu,zip-front ribbed knit sweater,2820,navy blue,Knitwear,Fastening,solid,Fabric,Cashmere,Runway,FARFETCH ID:  31443409
MOOS STUDIO,Celeste dress,1169,blue,Dress,Fastening,solid,none,Cotton,New Season,FARFETCH ID:  30084119
Nina Ricci,halterneck silk top,753,sand beige,Top,Fastening,solid,Material,Silk,New Season,FARFETCH ID:  30968044
NOUR HAMMOUR,Tate belted suede trench coat,1740,Beige,Coat,Fastening,solid,Material," suede (Goat),  cupro,  viscose, silk",New season,Product Code 46376663162914231
Oséree,Lumière bikini,325,burgundy,Swimwear,Fastening,solid,none,Polyester,New Season,FARFETCH
PINKO,zip-up bomber jacket,696,brown,Jacket,Fastening,solid,none,Polyester,New Season,FARFETCH ID:  30379459
Prada,check-print sheath skirt,2820,light blue,Skirt,Fastening,Geomatric,none,Virgin wool,New Season,FARFETCH ID:  31067333
Prada,leather midi skirt,6100,neutrals,Skirt,Fastening,solid,Material,Calf leather,New Season,FARFETCH ID:  31789114
Prada,logo-plaque jeans,1480,blue, Jeans,Fastening,solid,none,Cotton,Runway,FARFETCH ID:  30953554
Prada,printed georgette midi dress,6900,bubblegum pink,Dress,Fastening,Graphic,Material,Silk,New Season,FARFETCH ID:  29581243
PUCCII,ride-print bikini briefs,205,fuchsia pink,Swimwear,Fastening,Geomatric,none,Polyamide,New Season,FARFETCH ID:  28312356
Raquel Diniz,halter-neck swirl-print maxi dress,1647,beige,Dress,Fastening,Geomatric,none,Silk,New Season,FARFETCH
Róhe,braid-trim jacket,966,ecru,Jacket,Fastening,solid,none,Wool,New Season,FARFETCH
SANDRO,striped jeans,355,indigo blue, Jeans,Fastening,Geomatric,none,Polyester,New Season,FARFETCH
SANDRO,suede jacket,1341,brown,Jacket,Fastening,solid,Material,Calf suede,New Season,FARFETCH
Self-Portrait,belted double-breasted midi dress,976,black,Dress,Fastening,solid,Fabric,Wool,New Season,FARFETCH ID:  31475451
SIR.,Cielo bikini top,252,light blue,Swimwear,Fastening,solid,none,Polyester,New Season,FARFETCH
SIR.,Pietra sarong,334,black,Swimwear,Fastening,solid,none,Wool,New Season,FARFETCH ID:  29061273
Solace London,Adami maxi dress,1137,light blue,Dress,Fastening,solid,none,Polyester,New Season,FARFETCH
The Frankie Shop,Helena shirt midi dress,396,white,Dress,Fastening,solid,none,Cotton,New Season,FARFETCH
VALENTINO,Belted two-tone brushed wool and cashmere-blend coat,5500,Cream,Coat,Fastening,solid,Material," wool,  cashmere",New season,Product Code 46376663162888710
VICTORIA BECKHAM,Merino wool-blend zip-up sweater,550,Green,Knitwear,Fastening,solid,Material," merino wool,  polyamide,  elastane",New season,Product Code 46376663162855315
ZIMMERMANN,Belted denim midi dress,1250,Dark denim,Dress,Fastening,solid,Fabric,cotton,Runway,Product Code 46376663162966734
16Arlington,Elice sequinned midi skirt,1205,black,Skirt,Fit & Length,solid,Embellished,Sequin,New Season,FARFETCH ID:  31858242
16Arlington,Ermara sequinned midi dress,1846,black,Dress,Fit & Length,solid,Embellished,Sequin,New Season,FARFETCH ID:  31858228
16Arlington,Nolo sequinned mini dress,1267,black,Dress,Fit & Length,solid,Embellished,Sequin,New Season,FARFETCH ID:  31858241
16Arlington,Elice lace sequinned midi skirt,1022,light green,Skirt,Fit & Length,solid,Embellished,Sequin,New Season,FARFETCH ID:  31859083
AMI Paris,leather midi skirt,2512,hazelnut brown,Skirt,Fit & Length,solid,Material,leather,Runway,FARFETCH
ANINE BING,Leon satin bomber jacket,548,dark brown,Jacket,Fit & Length,solid,Material,Polyester,New Season,FARFETCH ID:  30397853
BOTTEGA VENETA,Cropped cable-knit wool cardigan,1700,Cream,Knitwear,Fit & Length,solid,Fabric,wool,New season,Product Code 46376663162893828
Brigitte,embellished bikini,200,dark blue,Swimwear,Fit & Length,solid,Embellished,Polyamide,New Season,FARFETCH ID:  30836500
Brigitte,embellished bikini,200,dark blue,Swimwear,Fit & Length,solid,Embellished,Polyamide,New Season,FARFETCH ID:  30836500
Brigitte,embellished high-waisted bikini set,200,purple,Swimwear,Fit & Length,solid,Embellished,Polyamide,New Season,FARFETCH ID:  30836513
Brigitte,embellished high-waisted bikini set,200,purple,Swimwear,Fit & Length,solid,Embellished,Polyamide,New Season,FARFETCH ID:  30836513
Brunello Cucinelli,perforated midi skirt,6065,sand beige,Skirt,Fit & Length,solid,none,Nylon,New Season,FARFETCH ID:  29777212
CHLOÉ,Floral-jacquard silk-satin midi dress,2990,Pastel yellow,Dress,Fit & Length,Floral,Material,silk,New season,Product Code 46376663162947324
Christopher Esber,pleated bubble mini skirt,1053,green,Skirt,Fit & Length,solid,none,Rayon,New Season,FARFETCH ID:  31310061
CHRISTOPHER JOHN ROGERS,Striped ribbed wool-blend maxi dress,1610,Burgundy,Dress,Fit & Length,Geomatric,Fabric," wool,  viscose,  elastane",New season,Product Code 46376663162859188
CITIZENS OF HUMANITY,Blaine high-rise straight-leg jeans,370,Black, Jeans,Fit & Length,solid,Fabric,regenerative cotton,New season,Product Code 46376663162899325
CITIZENS OF HUMANITY,Blaine high-rise straight-leg jeans,369,Light denim, Jeans,Fit & Length,solid,Fabric,regenerative cotton,New season,Product Code 46376663162844660
CITIZENS OF HUMANITY,Blaine high-rise straight-leg jeans,370,Mid denim, Jeans,Fit & Length,solid,Fabric,regenerative cotton,New season,Product Code 1647597356717602
Claudie Pierlot,A-line leather mini skirt,659,dark brown,Skirt,Fit & Length,solid,Fabric,leather,New Season,FARFETCH ID:  30452967
Courrèges,oblique asymmetric wool coat,5352,grey,Coat,Fit & Length,solid,none,Wool,New Season,FARFETCH ID:  31606225
Cult Gaia,Chantel bias-cut satin maxi skirt,990,celadon blue,Skirt,Fit & Length,solid,Material,Silk,New Season,FARFETCH
Diesel,devoré-houndstooth midi dress,1615,beige and blue,Dress,Fit & Length,Geomatric,none,Cotton,Runway,FARFETCH ID:  31454693
Diesel,x Tom of Finland Foundation graphic-print trousers,315,powder blue,Trousers,Fit & Length,Graphic,none,Organic cotton,Exclusive,FARFETCH ID:  29902685
Dolce & Gabbana,pleated tweed trousers,1795,black,Trousers,Fit & Length,solid,Fabric,Virgin wool,Exclusive,FARFETCH ID:  29689826
DRIES VAN NOTEN,cowhide-print midi skirt,1236,brown,Skirt,Fit & Length,Animal print,none,Wool,New Season,FARFETCH
DRIES VAN NOTEN,draped silk skirt,2652,green,Skirt,Fit & Length,solid,Material,Silk,New Season,FARFETCH ID:  31605586
DRIES VAN NOTEN,geometric-pattern midi dress,1590,orange,Dress,Fit & Length,Geomatric,none,Acetate,New Season,FARFETCH ID:  31869139
DRIES VAN NOTEN,knotted jersey midi skirt,775,olive green,Skirt,Fit & Length,solid,none,Cotton,New Season,FARFETCH ID:  31606097
DRIES VAN NOTEN,stirrup trousers,1200,taupe,Trousers,Fit & Length,solid,none,Polyester,New Season,FARFETCH ID:  30883777
DRIES VAN NOTEN,v-neckline sweater,885,beige,Knitwear,Fit & Length,solid,Fabric,Merino,New Season,FARFETCH ID:  31605581
DRIES VAN NOTEN,Silk-blend satin shirt dress,1145,Brown,Dress,Fit & Length,solid,Material," silk,  elastane",New season,Product Code 46376663162944487
DRIES VAN NOTEN,Oversized felt bomber jacket,895,Navy,Jacket,Fit & Length,solid,none," polyester,  wool,  polyacrylic",New season,Product Code 46376663162929264
DRIES VAN NOTEN,Pleated denim wide-leg pants,425,Dark denim,Trousers,Fit & Length,solid,Fabric,cotton,"New season, Net Sustain",Product Code 1647597345557100
Elisabetta Franchi,high-waist flared jeans,673,blue, Jeans,Fit & Length,solid,none,Cotton,New Season,FARFETCH ID:  31772052
Enfants Riches Déprimés,frayed-hem jeans,2718,blue, Jeans,Fit & Length,washed,Fabric,Cotton,New Season,FARFETCH ID:  31038109
Ermanno Scervino,herringbone-pattern mini skirt,1129,white,Skirt,Fit & Length,solid,none,Wool,New Season,FARFETCH ID:  31777919
Essentiel Antwerp,check-pattern lace-appliqué miniskirt,369,grey,Skirt,Fit & Length,Geomatric,Fabric,Polyester,New Season,FARFETCH
ETRO,paisley jacquard fringe midi dress,2157,black and olive green,Dress,Fit & Length,Floral,Material,Alpaca,New Season,FARFETCH ID:  31223572
ETRO,ribbe floral-print midi skirt,2000,beige,Skirt,Fit & Length,Floral,Fabric,Wool,New Season,FARFETCH ID:  31786613
FEAR OF GOD ESSENTIAL,Slogo-print drawstring track pants,443,earthy brown,Trousers,Fit & Length,Graphic,none,Cotton,New Season,FARFETCH ID:  30797482
FRAME,The Collegiate high-rise wide-leg jeans,410,Brown, Jeans,Fit & Length,solid,Fabric,cotton,New season,Product Code 46376663162878749
FRAME,Le Slim Palazzo Modernist Pocket high-rise wide-leg jeans,335,Dark denim, Jeans,Fit & Length,solid,Fabric," cotton,  recycled cotton,  recycled polyester,  Lyocell,  elastane",New season,Product Code 46376663162841873
GUCCI,Cropped cotton-blend canvas-jacquard flared pants,980,Army green,Trousers,Fit & Length,solid,Material," cotton,  polyester",New season,Product Code 46376663162848066
GUCCI,Striped silk-twill wide-leg pants,1600,Brown,Trousers,Fit & Length,Geomatric,Material,silk,New season,Product Code 46376663162909916
HIGH SPORT,Kick checked stretch-knit flared pants,1305,Beige,Trousers,Fit & Length,Geomatric,Fabric," viscose,  cotton,  polyamide,  LYCRA®",New season,Product Code 46376663162909713
Jacquemus,denim cropped top,708,blue,Top,Fit & Length,solid,none,Cotton,New Season,FARFETCH
Jil Sander,pleated trousers,2090,medium grey,Trousers,Fit & Length,solid,Fabric,Wool,New Season,FARFETCH ID:  30011479
JOSEPH,Coleman stretch-suede slim-leg pants,1395,Charcoal,Trousers,Fit & Length,solid,Material," leather (Lamb), cotton,  elastane, cotton, acetate,  polyester",New season,Product Code 46376663162882349
KHAITE,Dane high-rise wide-leg jeans,570,Dark denim, Jeans,Fit & Length,solid,Fabric," cotton,  polyurethane",New season,Product Code 46376663162859296
KHAITE,Viv high-rise slim-leg jeans,520,Dark denim, Jeans,Fit & Length,solid,Fabric," cotton,  polyurethane",New season,Product Code 46376663162859237
KHAITE,Viv high-rise slim-leg jeans,520,Mid blue denim, Jeans,Fit & Length,solid,Fabric," cotton,  polyurethane",New season,Product Code 46376663162859210
KHAITE,Effy silk and cotton-blend organza midi shirt dress,1560,Cream,Dress,Fit & Length,solid,Material," silk,  cotton; buttons:  horn (Buffalo)",New season,Product Code 1647597358463994
KHAITE,Effy silk and cotton-blend organza midi shirt dress,1590,Red,Dress,Fit & Length,solid,Material," silk,  cotton; buttons:  horn (Buffalo)",Exclusive,Product Code 1647597358475280
KHAITE,Effy silk and cotton-blend organza midi shirt dress,1590,Black,Dress,Fit & Length,solid,Material," silk,  cotton; buttons:  horn (Buffalo)",New season,Product Code 1647597358475252
KHAITE,Viv high-rise slim-leg jeans,520,Dark denim, Jeans,Fit & Length,solid,Fabric," cotton,  polyurethane",New season,Product Code 46376663162882350
KHAITE,Jodie pleated wool midi dress,2850,Gray,Dress,Fit & Length,solid,Material,virgin wool,New season,Product Code 46376663162859274
La DoubleJ,geometric-print dress,798,brown,Dress,Fit & Length,Geomatric,none,Cotton,New Season,FARFETCH
LOEWE,High-rise wide-leg jeans,880,Blue, Jeans,Fit & Length,solid,Fabric,cotton,New season,Product Code 46376663162861968
LOEWE,Cropped leather-trimmed cotton and silk-blend twill wide-leg pants,1100,Brown,Trousers,Fit & Length,solid,Material," cotton,  silk, leather (Calf)",New season,Product Code 46376663162915133
LOEWE,Pleated wool straight-leg pants,780,Green,Trousers,Fit & Length,solid,Material," wool, polyester,  elastane,  polyamide, cotton",New season,Product Code 46376663162947241
MARANT  ÉTOILE,ruffled asymmetric skirt,510,off-white,Skirt,Fit & Length,Floral,none,Viscose,New Season,FARFETCH ID:  31808668
Marine Serre,crescent moon-print trousers,480,black,Trousers,Fit & Length,Graphic,none,Recycled Polyamide,New Season,FARFETCH
Marine Serre,moon-print cropped trousers,480,beige,Trousers,Fit & Length,Graphic,none,Recycled Polyamide,New Season,FARFETCH
Marine Serre,Moon-printed capri jersey trousers,480,optical white,Trousers,Fit & Length,Graphic,none,Recycled Polyamide,New Season,FARFETCH ID:  30883516
Missoni,abstract-print mini dress,1380,black,Dress,Fit & Length,Graphic,none,Polyester,New Season,FARFETCH
Missoni,chevron highneck maxi dress,2000,pink,Dress,Fit & Length,Geomatric,none,Polyester,New Season,FARFETCH
Missoni,textured striped mini skirt,1070,multicoloured,Skirt,Fit & Length,Geomatric,Fabric,Rayon,New Season,FARFETCH
MISSONI,Space-dyed wool-blend midi dress,1185,Red,Dress,Fit & Length,Graphic,Material," wool,  viscose,  polyester,  elastane",New season,Product Code 46376663162895015
Miu Miu,logo-detail ribbed mini skirt,2590,brown,Skirt,Fit & Length,Graphic,Fabric,Viscose,Runway,FARFETCH ID:  31367480
Miu Miu,logo-intarsia top,1170,red,Top,Fit & Length,Graphic,none,Cotton,Runway,FARFETCH ID:  31366846
Miu Miu,panelled mini skirt,1580,azure,Skirt,Fit & Length,solid,none,Cotton,New Season,FARFETCH ID:  30084248
Miu Miu,ribbed-knit top,1550,white,Top,Fit & Length,solid,Fabric,Knitwear,Runway,FARFETCH ID:  31367479
MOSCHINO,JEANS flared trousers,314,black,Trousers,Fit & Length,solid,none,Viscose,New Season,FARFETCH ID:  30275601
Moschino,Shetland skirt,942,blue,Skirt,Fit & Length,solid,none,Virgin wool,New Season,FARFETCH ID:  30849855
Mugler,cut-out asymmetric skirt,1059,burgundy,Skirt,Fit & Length,solid,none,Viscose,New Season,FARFETCH
NILI LOTAN,Shon cotton-blend corduroy tapered pants,560,Merlot,Trousers,Fit & Length,solid,Material," cotton,  polyester,  polyurethane",New season,Product Code 46376663162831616
Polo Ralph Lauren,drawstring track pants,221,black,Trousers,Fit & Length,solid,none,Cotton,New Season,FARFETCH ID:  30386194
Posse,gingham check maxi dress,410,brown and white,Dress,Fit & Length,Geomatric,none,Cotton,New Season,FARFETCH ID:  31534165
POSSE,Thea pleated pinstriped linen-twill straight-leg pants,320,Dark brown,Trousers,Fit & Length,solid,Material,linen,New season,Product Code 46376663162895039
POSSE,Pippa checked jacquard-knit maxi skirt,300,Multi,Skirt,Fit & Length,solid,Fabric," viscose,  ELITE polyester",New season,Product Code 46376663162869248
Prada,knit-trimmed wool bomber jacket,6790,navy blue,Jacket,Fit & Length,solid,Fabric,Cashmere,New Season,FARFETCH ID:  31366850
Prada,logo-embroidered mini dress,2990,white,Dress,Fit & Length,Graphic,Embellished,Cotton,New Season,FARFETCH ID:  29532679
Rabanne,sequin maxi skirt,2666,purple,Skirt,Fit & Length,solid,Embellished,Polyester,New Season,FARFETCH ID:  31427493
ROTATE BIRGER CHRISTENSEN,satin slit midi dress,623,off-white,Dress,Fit & Length,solid,Material,Polyester,New Season,FARFETCH
ROTATE BIRGER CHRISTENSEN,sequin-embellished maxi dress,756,red,Dress,Fit & Length,solid,Embellished,Polyester,New Season,FARFETCH
SAINT LAURENT,Oversized double-breasted paneled leather jacket,6200,Brown,Jacket,Fit & Length,solid,Material," leather (Lamb),   cupro,  cotton",New season,Product Code 46376663162927838
Self-Portrait,checked chiffon midi dress,621,brown,Dress,Fit & Length,Geomatric,Material,Polyester,New Season,FARFETCH
Shanghai Tang,floral-print mini dress,1294,light green,Dress,Fit & Length,Floral,none,Mulberry silk,New Season,FARFETCH ID:  31870731
Simkhai,Izzy midi dress,1166,cocoa brown,Dress,Fit & Length,solid,Fabric,Polyester,New Season,FARFETCH
SIMKHAI,Jamie jersey midi dress,850,Brown,Dress,Fit & Length,solid,none,cotton,New season,Product Code 46376663162874894
Solace London,cross-back maxi dress,920,dark red,Dress,Fit & Length,solid,none,Polyester,New Season,FARFETCH
Solace London,Milly cross-back maxi dress,967,red,Dress,Fit & Length,solid,none,Polyester,New Season,FARFETCH
Solace London,Tiffany strapless asymmetric maxi dress,1174,raisin,Dress,Fit & Length,solid,none,Polyester,New Season,FARFETCH
STAUD,gathered-skirt slip midi day dress,725,brown,Dress,Fit & Length,solid,none,Cotton,New Season,FARFETCH
STELLA MCCARTNEY,Leopard-print organic silk-satin wide-leg pants,1090,Dark gray,Trousers,Fit & Length,Animal print,Material,organic silk,New season,Product Code 46376663162893796
STOULS,Lilou cropped suede wide-leg pants,1590,Tan,Trousers,Fit & Length,solid,Material," suede (Lamb),  cotton, . Lyocell, . elastane viscose,  nylon,  elastane",Runway,Product Code 46376663162895032
THE ROW,Elowyn wool-gabardine straight-leg pants,1790,Beige,Trousers,Fit & Length,solid,Material," virgin wool,  silk",New season,Product Code 46376663162871922
THE ROW,Margan oversized cotton shirt,1400,Sand,Shirt,Fit & Length,solid,Fabric,sand cotton,New season,Product Code 46376663162871898
Tory Burch,panelled frayed denim midi A-line skirt,1142,soft sable brown,Skirt,Fit & Length,washed,none,Cotton,New Season,FARFETCH ID:  31582099
TOTEME,cocoon tank dress,1068,terracotta orange,Dress,Fit & Length,solid,none,Lyocell,New Season,FARFETCH
TOTEME,Woven wide-leg pants,490,Taupe,Trousers,Fit & Length,solid,Fabric," viscose,  wool",New season,Product Code 46376663162898839
VICTORIA BECKHAM,Ribbed merino wool midi skirt,590,Burgundy,Skirt,Fit & Length,solid,Fabric,merino wool,New season,Product Code 46376663162909896
VICTORIA BECKHAM,Wool-drill wide-leg pants,850,Camel,Trousers,Fit & Length,solid,Material," virgin wool, cotton,  polyamide",New season,Product Code 46376663162848014
ZIMMERMANN,Hypnotic Sheath dress,1601,purple,Dress,Fit & Length,Floral,none,Viscose,New Season,FARFETCH ID:  31672358
ZIMMERMANN,Mouline ribbed-knit midi skirt,550,Blue,Skirt,Fit & Length,solid,Fabric," viscose,  polyamide",New season,Product Code 46376663162874934
ZIMMERMANN,Denim midi shirt dress,995,Dark denim,Dress,Fit & Length,solid,Fabric,cotton,New season,Product Code 46376663162947256
16Arlington,Tonye midi dress,2683,black,Dress,Neckline ,solid,none,Wool,New Season,FARFETCH ID:  31046375
Acne Studios,high-neck teddy jacket,1411,dark grey,Jacket,Neckline ,solid,Embellished,Viscose,New Season,FARFETCH
ALAÏA,Stretch-jersey halterneck maxi dress,2600,Burgundy,Dress,Neckline ,solid,none," viscose,  elastane",New season,Product Code 46376663162843919
Alberta Ferretti,floral-embroidered dress,6365,grey,Dress,Neckline ,Floral,Embellished,Viscose,New Season,FARFETCH ID:  29574301
Alberta Ferretti,floral-print silk dress,3275,powder pink,Dress,Neckline ,Floral,Material,Silk,New Season,FARFETCH ID:  29574325
Alberta Ferretti,lace-overlay dress,3150,blush pink,Dress,Neckline ,solid ,Fabric,Polyamide,New Season,FARFETCH ID:  29575146
Alberta Ferretti,ruffle-detailing dress,3700,lilac purple,Dress,Neckline ,solid,none,Viscose,New Season,FARFETCH ID:  29574295
Alberta Ferretti,satin long dress,1755,black,Dress,Neckline ,solid,Material,Viscose,New Season,FARFETCH ID:  29574292
AMI Paris,Ami De Coeur funnel-neck wool sweater,805,beige,Knitwear,Neckline ,solid,Fabric,Wool,New Season,FARFETCH ID:  30651080
Balmain,zebra-intarsia high-neck midi dress,3080,black and white,Dress,Neckline ,solid,none,Viscose,New Season,FARFETCH ID:  31365149
Christopher Esber,Beach Quartz halter-neck tank top,479,light beige,Top,Neckline ,solid,none,Cotton,New Season,FARFETCH ID:  31310034
Diesel,Fluffy ruffled-neck midi dress,1340,yellow,Dress,Neckline ,solid,none,Polyamide,Runway,FARFETCH ID:  31454668
Dolce & Gabbana,rose-print square-neck midi dress,3545,black,Dress,Neckline ,Floral,none,Cotton,New Season,FARFETCH
DRIES VAN NOTEN,cowl-neck velvet top,1236,purple,Top,Neckline ,solid,Material,Viscose,New Season,FARFETCH ID:  31605579
Elena Velez,gathered button-up shirt,1048,off-white,Shirt,Neckline ,solid,none,Cotton,New Season,FARFETCH ID:  31783475
Elisabetta Franchi,high-neck embellished maxi dress,1040,brown,Dress,Neckline ,solid,Embellished,Cupro,New Season,FARFETCH ID:  30696863
Ferragamo,cowl-neck lace-insert midi dress,2100,red,Dress,Neckline ,solid,Fabric,cotton,Runway,FARFETCH
Ferragamo,orchid-print cape midi dress,2600,camel,Dress,Neckline ,Floral,none,silk,Runway,FARFETCH
Gimaguas,Bahmon scoop-neck long-sleeve mini dress,229,grey,Dress,Neckline ,solid,none,Cotton,New Season,FARFETCH ID:  31309788
Gucci GG,jacquard wool bouclé cardigan,1775,grey/cream white,Knitwear,Neckline ,solid,Material,Wool,Runway,FARFETCH ID:  21864133
Jenny Packham,Opium sequin-embellished high-neck gown,7818,gold,Dress,Neckline ,solid,Embellished,Viscose,New Season,FARFETCH ID:  31282009
JOSEPH,"Ribbed wool, silk and cashmere-blend polo sweater",495,Charcoal,Knitwear,Neckline ,solid,Material," wool,  silk,  cashmere",New season,Product Code 46376663162929298
JOSEPH,"Ribbed wool, silk and cashmere-blend polo sweater",495,Mustard,Knitwear,Neckline ,solid,Material," wool,  silk,  cashmere",New season,Product Code 46376663162929284
JW Anderson,cable-knit polo top,589,off-white,Top,Neckline ,solid,Fabric,Polyester,New Season,FARFETCH ID:  30959810
JW Anderson,zip-up cardigan,867,red,Knitwear,Neckline ,solid,Fabric,wool,New Season,FARFETCH ID:  30959794
KHAITE,Barbo scoop-neck silk top,2045,purple,Top,Neckline ,solid,Material,Silk,New Season,FARFETCH
KHAITE,Herve cashmere polo sweater,1650,Tan,Knitwear,Neckline ,solid,Material,cashmere,Runway,Product Code 46376663162841874
L'IDÉE,Deesse pleated halterneck gown,1049,sage shimmer,Dress,Neckline ,solid,Fabric,Polyester,New Season,FARFETCH
L'IDÉE,pleated halterneck gown,944,brown,Dress,Neckline ,solid,Fabric,Polyester,New Season,FARFETCH
Missoni,sequin-embellishment halter-neck midi dress,2460,multicolour,Dress,Neckline ,solid,Embellished,Rayon,New Season,FARFETCH ID:  30888755
Miu Miu,logo-print dress,3570,white,Dress,Neckline ,Graphic,none,Cotton,Runway,FARFETCH ID:  28539285
Miu Miu,polo-neck zipped sweatshirt,3910,brown,Hoodies,Neckline ,solid,none,Viscose,Runway,FARFETCH ID:  31443407
Miu Miu,striped intarsia logo polo shirt,2990,pale yellow,T-shirt,Neckline ,Geomatric,none,Wool,New Season,FARFETCH ID:  31082389
Nina Ricci,high-neck draped top,1092,brown,Top,Neckline ,solid,none,Viscose,New Season,FARFETCH ID:  30968076
Paris Georgia,heart-shaped top,581,black,Top,Neckline ,solid,none,Triacetate,New Season,FARFETCH ID:  29460721
Posse,button-front wool cardigan,364,butter yellow,Knitwear,Neckline ,solid,Material,Wool,New Season,FARFETCH ID:  31538008
Rebecca Vallance,floral-print dress,1842,pale pink,Dress,Neckline ,Floral,none,Silk,New Season,FARFETCH ID:  29773131
Rebecca Vallance,Irena halter-neck embroidered-pattern midi dress,1442,cream,Dress,Neckline ,solid,Embellished,Rayon,New Season,FARFETCH ID:  30892819
REMAIN,high-neck drawstring jacket,1270,burgundy,Jacket,Neckline ,solid,Material,Sheepskin,New Season,FARFETCH ID:  31000675
Retrofete,Alexandria paisley halterneck mini dress,957,brown,Dress,Neckline ,Floral,none,Silk,New Season,FARFETCH ID:  30849638
ROTATE BIRGER CHRISTENSEN,sweetheart-neck draped minidress,540,off-white,Dress,Neckline ,solid,none,Polyester,New Season,FARFETCH
Rowen Rose,bow-detail mini dress,1544,black,Dress,Neckline ,solid,none,Polyester,New Season,FARFETCH
SANDRO,button-front V-neck mini dress,588,black,Dress,Neckline ,solid,none,Polyester,New Season,FARFETCH
Self-Portrait,button-front belted midi dress,888,black,Dress,Neckline ,solid,none,Polyester,New Season,FARFETCH
Simkhai,button-frontcashmere vest,600,ivory,Knitwear,Neckline ,solid,Material,Cashmere,New Season,FARFETCH ID:  31578207
SIR.,Carlotta midi dress,695,light yellow,Dress,Neckline ,solid,none,Polyester,New Season,FARFETCH
THE ANDAMANE,halter-neck draped maxi dress,702,dark brown,Dress,Neckline ,solid,none,Polyester,New Season,FARFETCH ID:  31330865
The Attico,snake-print halterneck mini dress,2080,olive green,Dress,Neckline ,Animal print,none,Viscose,New Season,FARFETCH ID:  30307191
The Frankie Shop,Sienna maxi dress,571,black,Dress,Neckline ,solid,none,Linen/Flax,New Season,FARFETCH
The New Arrivals Ilkyaz Ozel,Azure maxi dress,2681,butter yellow,Dress,Neckline ,solid,none,Viscose,New Season,FARFETCH
The New Arrivals Ilkyaz Ozel,Claudie maxi dress,2475,pink,Dress,Neckline ,solid,none,Polyester,New Season,FARFETCH
The New Arrivals Ilkyaz Ozel,Olympia sequin-embellished maxi dress,2475,blue,Dress,Neckline ,solid,Embellished,Polyester,New Season,FARFETCH
Diesel,M-Annaine cardigan,800,yellow,Knitwear,Outerwear Cut,solid,Fabric,Polyamide,Runway,FARFETCH ID:  31454678
DÔEN,Anisa knitted cardigan,375,Light blue,Knitwear,Outerwear Cut,solid,Fabric," polyamide,  alpaca,  merino wool",New season,Product Code 1647597345557107
DÔEN,Anisa knitted cardigan,326,Black,Knitwear,Outerwear Cut,solid,Fabric," polyamide,  alpaca,  merino wool",New season,Product Code 46376663162848019
DÔEN,Anisa knitted cardigan,326,Burgundy,Knitwear,Outerwear Cut,solid,Fabric," polyamide,  alpaca,  merino wool",New season,Product Code 46376663162877575
Dolce & Gabbana,majolica-print bikini,775,blue,Swimwear,Outerwear Cut,Floral,none,Polyester,Exclusive,FARFETCH
Dolce & Gabbana,majolica-print bikini,775,blue,Swimwear,Outerwear Cut,Floral,none,Polyester,Exclusive,FARFETCH
GUCCI,Cashmere and silk-blend cardigan,1500,White,Knitwear,Outerwear Cut,solid,Material," cashmere,  silk",New season,Product Code 46376663162915155
ISABEL MARANT,Dyogo padded-shoulder button coat,800,black,Coat,Outerwear Cut,solid,Material,Viscose,New Season,FARFETCH ID:  31075084
ISABEL MARANT,padded-shoulder wool coat,800,dark khaki,Coat,Outerwear Cut,solid,Material,Wool,New Season,FARFETCH ID:  31116186
KHAITE,Nera cashmere sweater,1460,Bronze,Knitwear,Outerwear Cut,solid,none,cashmere,New season,Product Code 46376663162859239
KHAITE,Nera cashmere sweater,1460,Light blue,Knitwear,Outerwear Cut,solid,Material,cashmere,New season,Product Code 46376663162867547
KHAITE,Nera cashmere sweater,1460,Burgundy,Knitwear,Outerwear Cut,solid,none,cashmere,New season,Product Code 46376663162859169
KHAITE,Brieta merino wool cardigan,1650,Cream,Knitwear,Outerwear Cut,solid,Material,merino wool; buttons:  horn (Buffalo),New season,Product Code 46376663162859200
KHAITE,Brieta merino wool cardigan,1650,Gray,Knitwear,Outerwear Cut,solid,Material,merino wool; buttons:  horn (Buffalo),New season,Product Code 46376663162855114
KHAITE,Brieta merino wool cardigan,1650,Black,Knitwear,Outerwear Cut,solid,Material,merino wool; buttons:  horn (Buffalo),New season,Product Code 46376663162878943
LANVIN,Ribbed wool cardigan,1390,Red,Knitwear,Outerwear Cut,solid,Material,wool,New season,Product Code 46376663162960594
LANVIN,Ribbed wool cardigan,1390,Cream,Knitwear,Outerwear Cut,solid,Material,wool,New season,Product Code 46376663162848827
Moncler,padded wool-blend puffer jacket,1600,black,Jacket,Outerwear Cut,solid,Material,Virgin wool,New Season,FARFETCH ID:  31767692
The Frankie Shop,Pembroke belted double-breasted trench coat,773,mouse grey,Coat,Outerwear Cut,solid,none,Polyester,New Season,FARFETCH
THE ROW,Lyse cashmere sweater,1790,Ecru,Knitwear,Outerwear Cut,solid,none,cashmere,Runway,Product Code 46376663162871822
THE ROW,Elodianna cotton-canvas jacket,2870,White,Jacket,Outerwear Cut,solid,Fabric,cotton,New season,Product Code 46376663162888706
VICTORIA BECKHAM,Ribbed merino wool sweater,490,Dark green,Knitwear,Outerwear Cut,solid,Material,merino wool,New season,Product Code 46376663162877545
VICTORIA BECKHAM,Ribbed merino wool sweater,490,Burgundy,Knitwear,Outerwear Cut,solid,Material,merino wool,New season,Product Code 46376663162877544
ZIMMERMANN,Mouline ribbed-knit sweater,495,Blue,Knitwear,Outerwear Cut,solid,Fabric,viscose,New season,Product Code 46376663162855133
16Arlington,Ovica sleeveless top,439,grey,Top,Sleeve,solid,none,Wool,New Season,FARFETCH
Aje,Holland button-up denim vest,382,light blue,Top,Sleeve,solid ,none,Cotton,New Season,FARFETCH
Aje,Pandorea mini dress,623,black,Dress,Sleeve,solid,none,Polyester,New Season,FARFETCH
Aje,Pandorea mini dress,623,white,Dress,Sleeve,Floral,Embellished,Polyester,New Season,FARFETCH
AMI Paris,raw-edge sleeveless top,880,lime green,Top,Sleeve,solid,Material,Polyester,Runway,FARFETCH
Aya Muse,halterneck knitted tank top,442,white,Top,Sleeve,solid,Fabric,Cotton,New Season,FARFETCH
Christopher Esber,Salacia swimsuit,695,white,Swimwear,Sleeve,solid,none,Copper,New Season,FARFETCH ID:  28459529
Diesel,M-Rab ribbed sleeveless maxi dress,550,red,Dress,Sleeve,solid,Fabric,Linen/Flax,New Season,FARFETCH
Dolce & Gabbana,satin midi dress,2995,violet purple,Dress,Sleeve,solid,Material,Acetate,Exclusive,FARFETCH
DRIES VAN NOTEN,draped silk geometric blouse,1714,light green,Top,Sleeve,Geomatric,Material,Silk,New Season,FARFETCH ID:  31869119
DRIES VAN NOTEN,V-neck merino wool sweater,885,mauve purple,Knitwear,Sleeve,solid,Fabric,Merino,New Season,FARFETCH ID:  31605588
DRIES VAN NOTEN,Henray off-the-shoulder draped cotton-jersey top,375,White,Top,Sleeve,solid,Fabric,cotton,New season,Product Code 46376663162929299
DRIES VAN NOTEN,Off-the-shoulder draped cotton-jersey top,375,Light gray,Top,Sleeve,solid,Fabric,cotton,New season,Product Code 46376663162929278
Elisabetta Franchi,logo-plaque cotton dress,760,honey yellow,Dress,Sleeve,Graphic,Fabric,Cotton,New Season,FARFETCH ID:  30696839
Ermanno Scervino,lace-trimmed tank top,1645,grey,Top,Sleeve,solid,Fabric,Polyester,New Season,FARFETCH ID:  30953097
Essentiel Antwerp,Ihassachusetts mini dress,434,light blue,Dress,Sleeve,solid,none,Polyester,New Season,FARFETCH ID:  30459752
Golden Goose,ribbed V-neck cardigan,633,cream,Knitwear,Sleeve,solid,Fabric,Cotton,New Season,FARFETCH
ISABEL MARANT,Off-the-shoulder draped satin-jersey midi dress,890,Black,Dress,Sleeve,solid,Material," acetate,  polyamide",New season,Product Code 46376663162929277
Jenny Packham,Ursa embellished-neck midi dress,3426,chilli red,Dress,Sleeve,solid,Embellished,Polyester,New Season,FARFETCH ID:  31282320
JW Anderson,contrasting-trim tank top,509,off-white,Top,Sleeve,solid,none,Cotton,New Season,FARFETCH
L'IDÉE,pleated strapless gown,1049,teal,Dress,Sleeve,solid,Fabric,Polyester,New Season,FARFETCH
Magda Butrym,floral-appliqué midi dress,2331,beige,Dress,Sleeve,solid,Fabric,Lyocell,New Season,FARFETCH
Miu Miu,ribbed-knit polo shirt,2820,light pink,T-shirt,Sleeve,solid,Fabric,Cashmere,New Season,FARFETCH ID:  31791800
NISSA,double-breasted midi dress,1205,black,Dress,Sleeve,solid,Fabric,Polyester,New Season,FARFETCH
Oscar de la Renta,embroidered belted midi dress,5568,dusty rose,Dress,Sleeve,Floral,Embellished,Virgin wool,New Season,FARFETCH ID:  31097146
Oscar de la Renta,fern-print belted midi dress,6843,black,Dress,Sleeve,Floral,none,silk,New Season,FARFETCH
PINKO,feather-embellished dress,1839,white,Dress,Sleeve,solid,Embellished,Polyester,New Season,FARFETCH
Prada,adjustable-straps knitted top,1750,brown,Top,Sleeve,solid,Fabric,Virgin wool,Runway,FARFETCH ID:  31470287
Prada,floral-print ribbed tank top,1480,pink,Top,Sleeve,Floral,Fabric,Cotton,Runway,FARFETCH ID:  31284673
ROTATE BIRGER CHRISTENSEN,corset maxi dress,736,black,Dress,Sleeve,solid,Fabric,Polyester,New Season,FARFETCH
ROTATE BIRGER CHRISTENSEN,puff-sleeve midi dress,458,navy blue,Dress,Sleeve,solid,none,Polyester,New Season,FARFETCH
Simkhai,scarf-detail sleeveless maxi dress,1410,grey,Dress,Sleeve,solid,Fabric,Wool,New Season,FARFETCH
Solace London,asymmetric dress,1220,black,Dress,Sleeve,solid,none,Polyester,New Season,FARFETCH
Solace London,Blake bell-sleeve maxi dress,1281,pink,Dress,Sleeve,solid,none,Polyester,New Season,FARFETCH
Taller  Marmo,Yacare one-shoulder fringe swimsuit,781,burgundy,Swimwear,Sleeve,solid,Embellished,Nylon,New Season,FARFETCH ID:  31311903
The New Arrivals Ilkyaz Ozel,Sisu maxi dress,2115,pink,Dress,Sleeve,solid,none,Polyester,New Season,FARFETCH
THE ROW,Levi cashmere tank,1300,Dark brown,Knitwear,Sleeve,solid,Material,cashmere,New season,Product Code 46376663162862016
TOM FORD,asymmetrical draped gown,4563,ivory,Dress,Sleeve,solid,none,Viscose,New Season,FARFETCH ID:  30413503
Tory Burch,Pointelle polo sweater,597,dark brown,Knitwear,Sleeve,solid,Fabric,Cotton,New Season,FARFETCH ID:  31583085
ZIMMERMANN,Hypnotic asymmetric-hem midi dress,5587,black,Dress,Sleeve,solid,Fabric,Polyester,New Season,FARFETCH ID:  31741471
ZIMMERMANN,Hypnotic floral-print puff-sleeve mini dress,1411,lilac poppy,Dress,Sleeve,Floral,none,Linen/Flax,New Season,FARFETCH ID:  31791841
ZIMMERMANN,Paisley-print silk-satin shirt,675,Cream,Shirt,Sleeve,Floral,Material,silk,Runway,Product Code 46376663162884617
ZIMMERMANN,Coco broderie anglaise-trimmed ramie blouse,775,Cream,Top,Sleeve,solid,none,ramie,New season,Product Code 46376663162877586
ZIMMERMANN,Hypnotic paisley-print silk shirt,675,Multi,Shirt,Sleeve,Floral,Material,silk,Runway,Product Code 46376663162859591